economy,economy_code,year,senior_management_time_reg
Afghanistan,AFG,2006,NA
Afghanistan,AFG,2007,NA
Afghanistan,AFG,2008,6.8
Afghanistan,AFG,2009,NA
Afghanistan,AFG,2010,NA
Afghanistan,AFG,2011,NA
Afghanistan,AFG,2012,NA
Afghanistan,AFG,2013,NA
Afghanistan,AFG,2014,9.8
Afghanistan,AFG,2015,NA
Afghanistan,AFG,2016,NA
Afghanistan,AFG,2017,NA
Afghanistan,AFG,2018,NA
Afghanistan,AFG,2019,NA
Afghanistan,AFG,2020,NA
Angola,AGO,2006,7.1
Angola,AGO,2007,NA
Angola,AGO,2008,NA
Angola,AGO,2009,NA
Angola,AGO,2010,12.2
Angola,AGO,2011,NA
Angola,AGO,2012,NA
Angola,AGO,2013,NA
Angola,AGO,2014,NA
Angola,AGO,2015,NA
Angola,AGO,2016,NA
Angola,AGO,2017,NA
Angola,AGO,2018,NA
Angola,AGO,2019,NA
Angola,AGO,2020,NA
Albania,ALB,2006,NA
Albania,ALB,2007,18.7
Albania,ALB,2008,NA
Albania,ALB,2009,NA
Albania,ALB,2010,NA
Albania,ALB,2011,NA
Albania,ALB,2012,NA
Albania,ALB,2013,7.4
Albania,ALB,2014,NA
Albania,ALB,2015,NA
Albania,ALB,2016,NA
Albania,ALB,2017,NA
Albania,ALB,2018,NA
Albania,ALB,2019,2.3
Albania,ALB,2020,NA
Argentina,ARG,2006,14.1
Argentina,ARG,2007,NA
Argentina,ARG,2008,NA
Argentina,ARG,2009,NA
Argentina,ARG,2010,20.8
Argentina,ARG,2011,NA
Argentina,ARG,2012,NA
Argentina,ARG,2013,NA
Argentina,ARG,2014,NA
Argentina,ARG,2015,NA
Argentina,ARG,2016,NA
Argentina,ARG,2017,20.5
Argentina,ARG,2018,NA
Argentina,ARG,2019,NA
Argentina,ARG,2020,NA
Armenia,ARM,2006,NA
Armenia,ARM,2007,NA
Armenia,ARM,2008,NA
Armenia,ARM,2009,10.3
Armenia,ARM,2010,NA
Armenia,ARM,2011,NA
Armenia,ARM,2012,NA
Armenia,ARM,2013,11.9
Armenia,ARM,2014,NA
Armenia,ARM,2015,NA
Armenia,ARM,2016,NA
Armenia,ARM,2017,NA
Armenia,ARM,2018,NA
Armenia,ARM,2019,NA
Armenia,ARM,2020,1.8
Antigua and Barbuda,ATG,2006,NA
Antigua and Barbuda,ATG,2007,NA
Antigua and Barbuda,ATG,2008,NA
Antigua and Barbuda,ATG,2009,NA
Antigua and Barbuda,ATG,2010,4.5
Antigua and Barbuda,ATG,2011,NA
Antigua and Barbuda,ATG,2012,NA
Antigua and Barbuda,ATG,2013,NA
Antigua and Barbuda,ATG,2014,NA
Antigua and Barbuda,ATG,2015,NA
Antigua and Barbuda,ATG,2016,NA
Antigua and Barbuda,ATG,2017,NA
Antigua and Barbuda,ATG,2018,NA
Antigua and Barbuda,ATG,2019,NA
Antigua and Barbuda,ATG,2020,NA
Azerbaijan,AZE,2006,NA
Azerbaijan,AZE,2007,NA
Azerbaijan,AZE,2008,NA
Azerbaijan,AZE,2009,3
Azerbaijan,AZE,2010,NA
Azerbaijan,AZE,2011,NA
Azerbaijan,AZE,2012,NA
Azerbaijan,AZE,2013,0.3
Azerbaijan,AZE,2014,NA
Azerbaijan,AZE,2015,NA
Azerbaijan,AZE,2016,NA
Azerbaijan,AZE,2017,NA
Azerbaijan,AZE,2018,NA
Azerbaijan,AZE,2019,2.7
Azerbaijan,AZE,2020,NA
Burundi,BDI,2006,5.7
Burundi,BDI,2007,NA
Burundi,BDI,2008,NA
Burundi,BDI,2009,NA
Burundi,BDI,2010,NA
Burundi,BDI,2011,NA
Burundi,BDI,2012,NA
Burundi,BDI,2013,NA
Burundi,BDI,2014,2.3
Burundi,BDI,2015,NA
Burundi,BDI,2016,NA
Burundi,BDI,2017,NA
Burundi,BDI,2018,NA
Burundi,BDI,2019,NA
Burundi,BDI,2020,NA
Belgium,BEL,2006,NA
Belgium,BEL,2007,NA
Belgium,BEL,2008,NA
Belgium,BEL,2009,NA
Belgium,BEL,2010,NA
Belgium,BEL,2011,NA
Belgium,BEL,2012,NA
Belgium,BEL,2013,NA
Belgium,BEL,2014,NA
Belgium,BEL,2015,NA
Belgium,BEL,2016,NA
Belgium,BEL,2017,NA
Belgium,BEL,2018,NA
Belgium,BEL,2019,NA
Belgium,BEL,2020,10.5
Benin,BEN,2006,NA
Benin,BEN,2007,NA
Benin,BEN,2008,NA
Benin,BEN,2009,24.5
Benin,BEN,2010,NA
Benin,BEN,2011,NA
Benin,BEN,2012,NA
Benin,BEN,2013,NA
Benin,BEN,2014,NA
Benin,BEN,2015,NA
Benin,BEN,2016,1
Benin,BEN,2017,NA
Benin,BEN,2018,NA
Benin,BEN,2019,NA
Benin,BEN,2020,NA
Burkina Faso,BFA,2006,NA
Burkina Faso,BFA,2007,NA
Burkina Faso,BFA,2008,NA
Burkina Faso,BFA,2009,22.2
Burkina Faso,BFA,2010,NA
Burkina Faso,BFA,2011,NA
Burkina Faso,BFA,2012,NA
Burkina Faso,BFA,2013,NA
Burkina Faso,BFA,2014,NA
Burkina Faso,BFA,2015,NA
Burkina Faso,BFA,2016,NA
Burkina Faso,BFA,2017,NA
Burkina Faso,BFA,2018,NA
Burkina Faso,BFA,2019,NA
Burkina Faso,BFA,2020,NA
Bangladesh,BGD,2006,NA
Bangladesh,BGD,2007,3.2
Bangladesh,BGD,2008,NA
Bangladesh,BGD,2009,NA
Bangladesh,BGD,2010,NA
Bangladesh,BGD,2011,NA
Bangladesh,BGD,2012,NA
Bangladesh,BGD,2013,3.3
Bangladesh,BGD,2014,NA
Bangladesh,BGD,2015,NA
Bangladesh,BGD,2016,NA
Bangladesh,BGD,2017,NA
Bangladesh,BGD,2018,NA
Bangladesh,BGD,2019,NA
Bangladesh,BGD,2020,NA
Bulgaria,BGR,2006,NA
Bulgaria,BGR,2007,17.4
Bulgaria,BGR,2008,NA
Bulgaria,BGR,2009,10.6
Bulgaria,BGR,2010,NA
Bulgaria,BGR,2011,NA
Bulgaria,BGR,2012,NA
Bulgaria,BGR,2013,17.1
Bulgaria,BGR,2014,NA
Bulgaria,BGR,2015,NA
Bulgaria,BGR,2016,NA
Bulgaria,BGR,2017,NA
Bulgaria,BGR,2018,NA
Bulgaria,BGR,2019,10.5
Bulgaria,BGR,2020,NA
"Bahamas, The",BHS,2006,NA
"Bahamas, The",BHS,2007,NA
"Bahamas, The",BHS,2008,NA
"Bahamas, The",BHS,2009,NA
"Bahamas, The",BHS,2010,3.9
"Bahamas, The",BHS,2011,NA
"Bahamas, The",BHS,2012,NA
"Bahamas, The",BHS,2013,NA
"Bahamas, The",BHS,2014,NA
"Bahamas, The",BHS,2015,NA
"Bahamas, The",BHS,2016,NA
"Bahamas, The",BHS,2017,NA
"Bahamas, The",BHS,2018,NA
"Bahamas, The",BHS,2019,NA
"Bahamas, The",BHS,2020,NA
Bosnia and Herzegovina,BIH,2006,NA
Bosnia and Herzegovina,BIH,2007,NA
Bosnia and Herzegovina,BIH,2008,NA
Bosnia and Herzegovina,BIH,2009,11.2
Bosnia and Herzegovina,BIH,2010,NA
Bosnia and Herzegovina,BIH,2011,NA
Bosnia and Herzegovina,BIH,2012,NA
Bosnia and Herzegovina,BIH,2013,13
Bosnia and Herzegovina,BIH,2014,NA
Bosnia and Herzegovina,BIH,2015,NA
Bosnia and Herzegovina,BIH,2016,NA
Bosnia and Herzegovina,BIH,2017,NA
Bosnia and Herzegovina,BIH,2018,NA
Bosnia and Herzegovina,BIH,2019,4.7
Bosnia and Herzegovina,BIH,2020,NA
Belarus,BLR,2006,NA
Belarus,BLR,2007,NA
Belarus,BLR,2008,13.6
Belarus,BLR,2009,NA
Belarus,BLR,2010,NA
Belarus,BLR,2011,NA
Belarus,BLR,2012,NA
Belarus,BLR,2013,13.1
Belarus,BLR,2014,NA
Belarus,BLR,2015,NA
Belarus,BLR,2016,NA
Belarus,BLR,2017,NA
Belarus,BLR,2018,1
Belarus,BLR,2019,NA
Belarus,BLR,2020,NA
Belize,BLZ,2006,NA
Belize,BLZ,2007,NA
Belize,BLZ,2008,NA
Belize,BLZ,2009,NA
Belize,BLZ,2010,3.9
Belize,BLZ,2011,NA
Belize,BLZ,2012,NA
Belize,BLZ,2013,NA
Belize,BLZ,2014,NA
Belize,BLZ,2015,NA
Belize,BLZ,2016,NA
Belize,BLZ,2017,NA
Belize,BLZ,2018,NA
Belize,BLZ,2019,NA
Belize,BLZ,2020,NA
Bolivia,BOL,2006,13.5
Bolivia,BOL,2007,NA
Bolivia,BOL,2008,NA
Bolivia,BOL,2009,NA
Bolivia,BOL,2010,28.5
Bolivia,BOL,2011,NA
Bolivia,BOL,2012,NA
Bolivia,BOL,2013,NA
Bolivia,BOL,2014,NA
Bolivia,BOL,2015,NA
Bolivia,BOL,2016,NA
Bolivia,BOL,2017,15.1
Bolivia,BOL,2018,NA
Bolivia,BOL,2019,NA
Bolivia,BOL,2020,NA
Brazil,BRA,2006,NA
Brazil,BRA,2007,NA
Brazil,BRA,2008,NA
Brazil,BRA,2009,14.2
Brazil,BRA,2010,NA
Brazil,BRA,2011,NA
Brazil,BRA,2012,NA
Brazil,BRA,2013,NA
Brazil,BRA,2014,NA
Brazil,BRA,2015,NA
Brazil,BRA,2016,NA
Brazil,BRA,2017,NA
Brazil,BRA,2018,NA
Brazil,BRA,2019,NA
Brazil,BRA,2020,NA
Barbados,BRB,2006,NA
Barbados,BRB,2007,NA
Barbados,BRB,2008,NA
Barbados,BRB,2009,NA
Barbados,BRB,2010,4.3
Barbados,BRB,2011,NA
Barbados,BRB,2012,NA
Barbados,BRB,2013,NA
Barbados,BRB,2014,NA
Barbados,BRB,2015,NA
Barbados,BRB,2016,NA
Barbados,BRB,2017,NA
Barbados,BRB,2018,NA
Barbados,BRB,2019,NA
Barbados,BRB,2020,NA
Bhutan,BTN,2006,NA
Bhutan,BTN,2007,NA
Bhutan,BTN,2008,NA
Bhutan,BTN,2009,15.9
Bhutan,BTN,2010,NA
Bhutan,BTN,2011,NA
Bhutan,BTN,2012,NA
Bhutan,BTN,2013,NA
Bhutan,BTN,2014,NA
Bhutan,BTN,2015,1
Bhutan,BTN,2016,NA
Bhutan,BTN,2017,NA
Bhutan,BTN,2018,NA
Bhutan,BTN,2019,NA
Bhutan,BTN,2020,NA
Botswana,BWA,2006,5
Botswana,BWA,2007,NA
Botswana,BWA,2008,NA
Botswana,BWA,2009,NA
Botswana,BWA,2010,10.2
Botswana,BWA,2011,NA
Botswana,BWA,2012,NA
Botswana,BWA,2013,NA
Botswana,BWA,2014,NA
Botswana,BWA,2015,NA
Botswana,BWA,2016,NA
Botswana,BWA,2017,NA
Botswana,BWA,2018,NA
Botswana,BWA,2019,NA
Botswana,BWA,2020,NA
Central African Republic,CAF,2006,NA
Central African Republic,CAF,2007,NA
Central African Republic,CAF,2008,NA
Central African Republic,CAF,2009,NA
Central African Republic,CAF,2010,NA
Central African Republic,CAF,2011,1
Central African Republic,CAF,2012,NA
Central African Republic,CAF,2013,NA
Central African Republic,CAF,2014,NA
Central African Republic,CAF,2015,NA
Central African Republic,CAF,2016,NA
Central African Republic,CAF,2017,NA
Central African Republic,CAF,2018,NA
Central African Republic,CAF,2019,NA
Central African Republic,CAF,2020,NA
Chile,CHL,2006,9
Chile,CHL,2007,NA
Chile,CHL,2008,NA
Chile,CHL,2009,NA
Chile,CHL,2010,9.9
Chile,CHL,2011,NA
Chile,CHL,2012,NA
Chile,CHL,2013,NA
Chile,CHL,2014,NA
Chile,CHL,2015,NA
Chile,CHL,2016,NA
Chile,CHL,2017,NA
Chile,CHL,2018,NA
Chile,CHL,2019,NA
Chile,CHL,2020,NA
China,CHN,2006,NA
China,CHN,2007,NA
China,CHN,2008,NA
China,CHN,2009,NA
China,CHN,2010,NA
China,CHN,2011,NA
China,CHN,2012,0
China,CHN,2013,NA
China,CHN,2014,NA
China,CHN,2015,NA
China,CHN,2016,NA
China,CHN,2017,NA
China,CHN,2018,NA
China,CHN,2019,NA
China,CHN,2020,NA
Cote d'Ivoire,CIV,2006,NA
Cote d'Ivoire,CIV,2007,NA
Cote d'Ivoire,CIV,2008,NA
Cote d'Ivoire,CIV,2009,1.6
Cote d'Ivoire,CIV,2010,NA
Cote d'Ivoire,CIV,2011,NA
Cote d'Ivoire,CIV,2012,NA
Cote d'Ivoire,CIV,2013,NA
Cote d'Ivoire,CIV,2014,NA
Cote d'Ivoire,CIV,2015,NA
Cote d'Ivoire,CIV,2016,1
Cote d'Ivoire,CIV,2017,NA
Cote d'Ivoire,CIV,2018,NA
Cote d'Ivoire,CIV,2019,NA
Cote d'Ivoire,CIV,2020,NA
Cameroon,CMR,2006,NA
Cameroon,CMR,2007,NA
Cameroon,CMR,2008,NA
Cameroon,CMR,2009,7
Cameroon,CMR,2010,NA
Cameroon,CMR,2011,NA
Cameroon,CMR,2012,NA
Cameroon,CMR,2013,NA
Cameroon,CMR,2014,NA
Cameroon,CMR,2015,NA
Cameroon,CMR,2016,1
Cameroon,CMR,2017,NA
Cameroon,CMR,2018,NA
Cameroon,CMR,2019,NA
Cameroon,CMR,2020,NA
"Congo, Dem. Rep.",COD,2006,6.3
"Congo, Dem. Rep.",COD,2007,NA
"Congo, Dem. Rep.",COD,2008,NA
"Congo, Dem. Rep.",COD,2009,NA
"Congo, Dem. Rep.",COD,2010,29.4
"Congo, Dem. Rep.",COD,2011,NA
"Congo, Dem. Rep.",COD,2012,NA
"Congo, Dem. Rep.",COD,2013,4.7
"Congo, Dem. Rep.",COD,2014,NA
"Congo, Dem. Rep.",COD,2015,NA
"Congo, Dem. Rep.",COD,2016,NA
"Congo, Dem. Rep.",COD,2017,NA
"Congo, Dem. Rep.",COD,2018,NA
"Congo, Dem. Rep.",COD,2019,NA
"Congo, Dem. Rep.",COD,2020,NA
"Congo, Rep.",COG,2006,NA
"Congo, Rep.",COG,2007,NA
"Congo, Rep.",COG,2008,NA
"Congo, Rep.",COG,2009,6
"Congo, Rep.",COG,2010,NA
"Congo, Rep.",COG,2011,NA
"Congo, Rep.",COG,2012,NA
"Congo, Rep.",COG,2013,NA
"Congo, Rep.",COG,2014,NA
"Congo, Rep.",COG,2015,NA
"Congo, Rep.",COG,2016,NA
"Congo, Rep.",COG,2017,NA
"Congo, Rep.",COG,2018,NA
"Congo, Rep.",COG,2019,NA
"Congo, Rep.",COG,2020,NA
Colombia,COL,2006,14.3
Colombia,COL,2007,NA
Colombia,COL,2008,NA
Colombia,COL,2009,NA
Colombia,COL,2010,12.9
Colombia,COL,2011,NA
Colombia,COL,2012,NA
Colombia,COL,2013,NA
Colombia,COL,2014,NA
Colombia,COL,2015,NA
Colombia,COL,2016,NA
Colombia,COL,2017,19.5
Colombia,COL,2018,NA
Colombia,COL,2019,NA
Colombia,COL,2020,NA
Cabo Verde,CPV,2006,NA
Cabo Verde,CPV,2007,NA
Cabo Verde,CPV,2008,NA
Cabo Verde,CPV,2009,3.9
Cabo Verde,CPV,2010,NA
Cabo Verde,CPV,2011,NA
Cabo Verde,CPV,2012,NA
Cabo Verde,CPV,2013,NA
Cabo Verde,CPV,2014,NA
Cabo Verde,CPV,2015,NA
Cabo Verde,CPV,2016,NA
Cabo Verde,CPV,2017,NA
Cabo Verde,CPV,2018,NA
Cabo Verde,CPV,2019,NA
Cabo Verde,CPV,2020,NA
Costa Rica,CRI,2006,NA
Costa Rica,CRI,2007,NA
Costa Rica,CRI,2008,NA
Costa Rica,CRI,2009,NA
Costa Rica,CRI,2010,8.4
Costa Rica,CRI,2011,NA
Costa Rica,CRI,2012,NA
Costa Rica,CRI,2013,NA
Costa Rica,CRI,2014,NA
Costa Rica,CRI,2015,NA
Costa Rica,CRI,2016,NA
Costa Rica,CRI,2017,NA
Costa Rica,CRI,2018,NA
Costa Rica,CRI,2019,NA
Costa Rica,CRI,2020,NA
Cyprus,CYP,2006,NA
Cyprus,CYP,2007,NA
Cyprus,CYP,2008,NA
Cyprus,CYP,2009,NA
Cyprus,CYP,2010,NA
Cyprus,CYP,2011,NA
Cyprus,CYP,2012,NA
Cyprus,CYP,2013,NA
Cyprus,CYP,2014,NA
Cyprus,CYP,2015,NA
Cyprus,CYP,2016,NA
Cyprus,CYP,2017,NA
Cyprus,CYP,2018,NA
Cyprus,CYP,2019,5.5
Cyprus,CYP,2020,NA
Czechia,CZE,2006,NA
Czechia,CZE,2007,NA
Czechia,CZE,2008,NA
Czechia,CZE,2009,10.4
Czechia,CZE,2010,NA
Czechia,CZE,2011,NA
Czechia,CZE,2012,NA
Czechia,CZE,2013,13.8
Czechia,CZE,2014,NA
Czechia,CZE,2015,NA
Czechia,CZE,2016,NA
Czechia,CZE,2017,NA
Czechia,CZE,2018,NA
Czechia,CZE,2019,13.2
Czechia,CZE,2020,NA
Djibouti,DJI,2006,NA
Djibouti,DJI,2007,NA
Djibouti,DJI,2008,NA
Djibouti,DJI,2009,NA
Djibouti,DJI,2010,NA
Djibouti,DJI,2011,NA
Djibouti,DJI,2012,NA
Djibouti,DJI,2013,5.3
Djibouti,DJI,2014,NA
Djibouti,DJI,2015,NA
Djibouti,DJI,2016,NA
Djibouti,DJI,2017,NA
Djibouti,DJI,2018,NA
Djibouti,DJI,2019,NA
Djibouti,DJI,2020,NA
Dominica,DMA,2006,NA
Dominica,DMA,2007,NA
Dominica,DMA,2008,NA
Dominica,DMA,2009,NA
Dominica,DMA,2010,1.9
Dominica,DMA,2011,NA
Dominica,DMA,2012,NA
Dominica,DMA,2013,NA
Dominica,DMA,2014,NA
Dominica,DMA,2015,NA
Dominica,DMA,2016,NA
Dominica,DMA,2017,NA
Dominica,DMA,2018,NA
Dominica,DMA,2019,NA
Dominica,DMA,2020,NA
Dominican Republic,DOM,2006,NA
Dominican Republic,DOM,2007,NA
Dominican Republic,DOM,2008,NA
Dominican Republic,DOM,2009,NA
Dominican Republic,DOM,2010,11.7
Dominican Republic,DOM,2011,NA
Dominican Republic,DOM,2012,NA
Dominican Republic,DOM,2013,NA
Dominican Republic,DOM,2014,NA
Dominican Republic,DOM,2015,NA
Dominican Republic,DOM,2016,1
Dominican Republic,DOM,2017,NA
Dominican Republic,DOM,2018,NA
Dominican Republic,DOM,2019,NA
Dominican Republic,DOM,2020,NA
Ecuador,ECU,2006,17.3
Ecuador,ECU,2007,NA
Ecuador,ECU,2008,NA
Ecuador,ECU,2009,NA
Ecuador,ECU,2010,22.5
Ecuador,ECU,2011,NA
Ecuador,ECU,2012,NA
Ecuador,ECU,2013,NA
Ecuador,ECU,2014,NA
Ecuador,ECU,2015,NA
Ecuador,ECU,2016,NA
Ecuador,ECU,2017,15.6
Ecuador,ECU,2018,NA
Ecuador,ECU,2019,NA
Ecuador,ECU,2020,NA
"Egypt, Arab Rep.",EGY,2006,NA
"Egypt, Arab Rep.",EGY,2007,NA
"Egypt, Arab Rep.",EGY,2008,NA
"Egypt, Arab Rep.",EGY,2009,NA
"Egypt, Arab Rep.",EGY,2010,NA
"Egypt, Arab Rep.",EGY,2011,NA
"Egypt, Arab Rep.",EGY,2012,NA
"Egypt, Arab Rep.",EGY,2013,3.1
"Egypt, Arab Rep.",EGY,2014,NA
"Egypt, Arab Rep.",EGY,2015,NA
"Egypt, Arab Rep.",EGY,2016,1
"Egypt, Arab Rep.",EGY,2017,NA
"Egypt, Arab Rep.",EGY,2018,NA
"Egypt, Arab Rep.",EGY,2019,NA
"Egypt, Arab Rep.",EGY,2020,0.4
Eritrea,ERI,2006,NA
Eritrea,ERI,2007,NA
Eritrea,ERI,2008,NA
Eritrea,ERI,2009,0.5
Eritrea,ERI,2010,NA
Eritrea,ERI,2011,NA
Eritrea,ERI,2012,NA
Eritrea,ERI,2013,NA
Eritrea,ERI,2014,NA
Eritrea,ERI,2015,NA
Eritrea,ERI,2016,NA
Eritrea,ERI,2017,NA
Eritrea,ERI,2018,NA
Eritrea,ERI,2019,NA
Eritrea,ERI,2020,NA
Estonia,EST,2006,NA
Estonia,EST,2007,NA
Estonia,EST,2008,NA
Estonia,EST,2009,5.5
Estonia,EST,2010,NA
Estonia,EST,2011,NA
Estonia,EST,2012,NA
Estonia,EST,2013,6.4
Estonia,EST,2014,NA
Estonia,EST,2015,NA
Estonia,EST,2016,NA
Estonia,EST,2017,NA
Estonia,EST,2018,NA
Estonia,EST,2019,3.9
Estonia,EST,2020,NA
Ethiopia,ETH,2006,NA
Ethiopia,ETH,2007,NA
Ethiopia,ETH,2008,NA
Ethiopia,ETH,2009,NA
Ethiopia,ETH,2010,NA
Ethiopia,ETH,2011,1
Ethiopia,ETH,2012,NA
Ethiopia,ETH,2013,NA
Ethiopia,ETH,2014,NA
Ethiopia,ETH,2015,1
Ethiopia,ETH,2016,NA
Ethiopia,ETH,2017,NA
Ethiopia,ETH,2018,NA
Ethiopia,ETH,2019,NA
Ethiopia,ETH,2020,NA
Fiji,FJI,2006,NA
Fiji,FJI,2007,NA
Fiji,FJI,2008,NA
Fiji,FJI,2009,4.4
Fiji,FJI,2010,NA
Fiji,FJI,2011,NA
Fiji,FJI,2012,NA
Fiji,FJI,2013,NA
Fiji,FJI,2014,NA
Fiji,FJI,2015,NA
Fiji,FJI,2016,NA
Fiji,FJI,2017,NA
Fiji,FJI,2018,NA
Fiji,FJI,2019,NA
Fiji,FJI,2020,NA
"Micronesia, Fed. Sts.",FSM,2006,NA
"Micronesia, Fed. Sts.",FSM,2007,NA
"Micronesia, Fed. Sts.",FSM,2008,NA
"Micronesia, Fed. Sts.",FSM,2009,12.4
"Micronesia, Fed. Sts.",FSM,2010,NA
"Micronesia, Fed. Sts.",FSM,2011,NA
"Micronesia, Fed. Sts.",FSM,2012,NA
"Micronesia, Fed. Sts.",FSM,2013,NA
"Micronesia, Fed. Sts.",FSM,2014,NA
"Micronesia, Fed. Sts.",FSM,2015,NA
"Micronesia, Fed. Sts.",FSM,2016,NA
"Micronesia, Fed. Sts.",FSM,2017,NA
"Micronesia, Fed. Sts.",FSM,2018,NA
"Micronesia, Fed. Sts.",FSM,2019,NA
"Micronesia, Fed. Sts.",FSM,2020,NA
Gabon,GAB,2006,NA
Gabon,GAB,2007,NA
Gabon,GAB,2008,NA
Gabon,GAB,2009,2.8
Gabon,GAB,2010,NA
Gabon,GAB,2011,NA
Gabon,GAB,2012,NA
Gabon,GAB,2013,NA
Gabon,GAB,2014,NA
Gabon,GAB,2015,NA
Gabon,GAB,2016,NA
Gabon,GAB,2017,NA
Gabon,GAB,2018,NA
Gabon,GAB,2019,NA
Gabon,GAB,2020,NA
Georgia,GEO,2006,NA
Georgia,GEO,2007,NA
Georgia,GEO,2008,2.1
Georgia,GEO,2009,NA
Georgia,GEO,2010,NA
Georgia,GEO,2011,NA
Georgia,GEO,2012,NA
Georgia,GEO,2013,1.1
Georgia,GEO,2014,NA
Georgia,GEO,2015,NA
Georgia,GEO,2016,NA
Georgia,GEO,2017,NA
Georgia,GEO,2018,NA
Georgia,GEO,2019,1.7
Georgia,GEO,2020,NA
Ghana,GHA,2006,NA
Ghana,GHA,2007,3.2
Ghana,GHA,2008,NA
Ghana,GHA,2009,NA
Ghana,GHA,2010,NA
Ghana,GHA,2011,NA
Ghana,GHA,2012,NA
Ghana,GHA,2013,4
Ghana,GHA,2014,NA
Ghana,GHA,2015,NA
Ghana,GHA,2016,NA
Ghana,GHA,2017,NA
Ghana,GHA,2018,NA
Ghana,GHA,2019,NA
Ghana,GHA,2020,NA
Guinea,GIN,2006,2.6
Guinea,GIN,2007,NA
Guinea,GIN,2008,NA
Guinea,GIN,2009,NA
Guinea,GIN,2010,NA
Guinea,GIN,2011,NA
Guinea,GIN,2012,NA
Guinea,GIN,2013,NA
Guinea,GIN,2014,NA
Guinea,GIN,2015,NA
Guinea,GIN,2016,1
Guinea,GIN,2017,NA
Guinea,GIN,2018,NA
Guinea,GIN,2019,NA
Guinea,GIN,2020,NA
"Gambia, The",GMB,2006,7.3
"Gambia, The",GMB,2007,NA
"Gambia, The",GMB,2008,NA
"Gambia, The",GMB,2009,NA
"Gambia, The",GMB,2010,NA
"Gambia, The",GMB,2011,NA
"Gambia, The",GMB,2012,NA
"Gambia, The",GMB,2013,NA
"Gambia, The",GMB,2014,NA
"Gambia, The",GMB,2015,NA
"Gambia, The",GMB,2016,NA
"Gambia, The",GMB,2017,NA
"Gambia, The",GMB,2018,1
"Gambia, The",GMB,2019,NA
"Gambia, The",GMB,2020,NA
Guinea-Bissau,GNB,2006,2.9
Guinea-Bissau,GNB,2007,NA
Guinea-Bissau,GNB,2008,NA
Guinea-Bissau,GNB,2009,NA
Guinea-Bissau,GNB,2010,NA
Guinea-Bissau,GNB,2011,NA
Guinea-Bissau,GNB,2012,NA
Guinea-Bissau,GNB,2013,NA
Guinea-Bissau,GNB,2014,NA
Guinea-Bissau,GNB,2015,NA
Guinea-Bissau,GNB,2016,NA
Guinea-Bissau,GNB,2017,NA
Guinea-Bissau,GNB,2018,NA
Guinea-Bissau,GNB,2019,NA
Guinea-Bissau,GNB,2020,NA
Greece,GRC,2006,NA
Greece,GRC,2007,NA
Greece,GRC,2008,NA
Greece,GRC,2009,NA
Greece,GRC,2010,NA
Greece,GRC,2011,NA
Greece,GRC,2012,NA
Greece,GRC,2013,NA
Greece,GRC,2014,NA
Greece,GRC,2015,NA
Greece,GRC,2016,NA
Greece,GRC,2017,NA
Greece,GRC,2018,1
Greece,GRC,2019,NA
Greece,GRC,2020,NA
Grenada,GRD,2006,NA
Grenada,GRD,2007,NA
Grenada,GRD,2008,NA
Grenada,GRD,2009,NA
Grenada,GRD,2010,7.7
Grenada,GRD,2011,NA
Grenada,GRD,2012,NA
Grenada,GRD,2013,NA
Grenada,GRD,2014,NA
Grenada,GRD,2015,NA
Grenada,GRD,2016,NA
Grenada,GRD,2017,NA
Grenada,GRD,2018,NA
Grenada,GRD,2019,NA
Grenada,GRD,2020,NA
Guatemala,GTM,2006,9.2
Guatemala,GTM,2007,NA
Guatemala,GTM,2008,NA
Guatemala,GTM,2009,NA
Guatemala,GTM,2010,10.2
Guatemala,GTM,2011,NA
Guatemala,GTM,2012,NA
Guatemala,GTM,2013,NA
Guatemala,GTM,2014,NA
Guatemala,GTM,2015,NA
Guatemala,GTM,2016,NA
Guatemala,GTM,2017,9.1
Guatemala,GTM,2018,NA
Guatemala,GTM,2019,NA
Guatemala,GTM,2020,NA
Guyana,GUY,2006,NA
Guyana,GUY,2007,NA
Guyana,GUY,2008,NA
Guyana,GUY,2009,NA
Guyana,GUY,2010,11.5
Guyana,GUY,2011,NA
Guyana,GUY,2012,NA
Guyana,GUY,2013,NA
Guyana,GUY,2014,NA
Guyana,GUY,2015,NA
Guyana,GUY,2016,NA
Guyana,GUY,2017,NA
Guyana,GUY,2018,NA
Guyana,GUY,2019,NA
Guyana,GUY,2020,NA
Honduras,HND,2006,4.5
Honduras,HND,2007,NA
Honduras,HND,2008,NA
Honduras,HND,2009,NA
Honduras,HND,2010,17
Honduras,HND,2011,NA
Honduras,HND,2012,NA
Honduras,HND,2013,NA
Honduras,HND,2014,NA
Honduras,HND,2015,NA
Honduras,HND,2016,1
Honduras,HND,2017,NA
Honduras,HND,2018,NA
Honduras,HND,2019,NA
Honduras,HND,2020,NA
Croatia,HRV,2006,NA
Croatia,HRV,2007,10.9
Croatia,HRV,2008,NA
Croatia,HRV,2009,NA
Croatia,HRV,2010,NA
Croatia,HRV,2011,NA
Croatia,HRV,2012,NA
Croatia,HRV,2013,19.1
Croatia,HRV,2014,NA
Croatia,HRV,2015,NA
Croatia,HRV,2016,NA
Croatia,HRV,2017,NA
Croatia,HRV,2018,NA
Croatia,HRV,2019,15
Croatia,HRV,2020,NA
Hungary,HUN,2006,NA
Hungary,HUN,2007,NA
Hungary,HUN,2008,NA
Hungary,HUN,2009,13.5
Hungary,HUN,2010,NA
Hungary,HUN,2011,NA
Hungary,HUN,2012,NA
Hungary,HUN,2013,12.2
Hungary,HUN,2014,NA
Hungary,HUN,2015,NA
Hungary,HUN,2016,NA
Hungary,HUN,2017,NA
Hungary,HUN,2018,NA
Hungary,HUN,2019,10.4
Hungary,HUN,2020,NA
Indonesia,IDN,2006,NA
Indonesia,IDN,2007,NA
Indonesia,IDN,2008,NA
Indonesia,IDN,2009,1.6
Indonesia,IDN,2010,NA
Indonesia,IDN,2011,NA
Indonesia,IDN,2012,NA
Indonesia,IDN,2013,NA
Indonesia,IDN,2014,NA
Indonesia,IDN,2015,0
Indonesia,IDN,2016,NA
Indonesia,IDN,2017,NA
Indonesia,IDN,2018,NA
Indonesia,IDN,2019,NA
Indonesia,IDN,2020,NA
India,IND,2006,NA
India,IND,2007,NA
India,IND,2008,NA
India,IND,2009,NA
India,IND,2010,NA
India,IND,2011,NA
India,IND,2012,NA
India,IND,2013,NA
India,IND,2014,1.9
India,IND,2015,NA
India,IND,2016,NA
India,IND,2017,NA
India,IND,2018,NA
India,IND,2019,NA
India,IND,2020,NA
Iraq,IRQ,2006,NA
Iraq,IRQ,2007,NA
Iraq,IRQ,2008,NA
Iraq,IRQ,2009,NA
Iraq,IRQ,2010,NA
Iraq,IRQ,2011,1
Iraq,IRQ,2012,NA
Iraq,IRQ,2013,NA
Iraq,IRQ,2014,NA
Iraq,IRQ,2015,NA
Iraq,IRQ,2016,NA
Iraq,IRQ,2017,NA
Iraq,IRQ,2018,NA
Iraq,IRQ,2019,NA
Iraq,IRQ,2020,NA
Israel,ISR,2006,NA
Israel,ISR,2007,NA
Israel,ISR,2008,NA
Israel,ISR,2009,NA
Israel,ISR,2010,NA
Israel,ISR,2011,NA
Israel,ISR,2012,NA
Israel,ISR,2013,4.3
Israel,ISR,2014,NA
Israel,ISR,2015,NA
Israel,ISR,2016,NA
Israel,ISR,2017,NA
Israel,ISR,2018,NA
Israel,ISR,2019,NA
Israel,ISR,2020,NA
Italy,ITA,2006,NA
Italy,ITA,2007,NA
Italy,ITA,2008,NA
Italy,ITA,2009,NA
Italy,ITA,2010,NA
Italy,ITA,2011,NA
Italy,ITA,2012,NA
Italy,ITA,2013,NA
Italy,ITA,2014,NA
Italy,ITA,2015,NA
Italy,ITA,2016,NA
Italy,ITA,2017,NA
Italy,ITA,2018,NA
Italy,ITA,2019,8.9
Italy,ITA,2020,NA
Jamaica,JAM,2006,NA
Jamaica,JAM,2007,NA
Jamaica,JAM,2008,NA
Jamaica,JAM,2009,NA
Jamaica,JAM,2010,1.7
Jamaica,JAM,2011,NA
Jamaica,JAM,2012,NA
Jamaica,JAM,2013,NA
Jamaica,JAM,2014,NA
Jamaica,JAM,2015,NA
Jamaica,JAM,2016,NA
Jamaica,JAM,2017,NA
Jamaica,JAM,2018,NA
Jamaica,JAM,2019,NA
Jamaica,JAM,2020,NA
Jordan,JOR,2006,NA
Jordan,JOR,2007,NA
Jordan,JOR,2008,NA
Jordan,JOR,2009,NA
Jordan,JOR,2010,NA
Jordan,JOR,2011,NA
Jordan,JOR,2012,NA
Jordan,JOR,2013,5.3
Jordan,JOR,2014,NA
Jordan,JOR,2015,NA
Jordan,JOR,2016,NA
Jordan,JOR,2017,NA
Jordan,JOR,2018,NA
Jordan,JOR,2019,0.4
Jordan,JOR,2020,NA
Kazakhstan,KAZ,2006,NA
Kazakhstan,KAZ,2007,NA
Kazakhstan,KAZ,2008,NA
Kazakhstan,KAZ,2009,4.7
Kazakhstan,KAZ,2010,NA
Kazakhstan,KAZ,2011,NA
Kazakhstan,KAZ,2012,NA
Kazakhstan,KAZ,2013,6
Kazakhstan,KAZ,2014,NA
Kazakhstan,KAZ,2015,NA
Kazakhstan,KAZ,2016,NA
Kazakhstan,KAZ,2017,NA
Kazakhstan,KAZ,2018,NA
Kazakhstan,KAZ,2019,4.3
Kazakhstan,KAZ,2020,NA
Kenya,KEN,2006,NA
Kenya,KEN,2007,5.1
Kenya,KEN,2008,NA
Kenya,KEN,2009,NA
Kenya,KEN,2010,NA
Kenya,KEN,2011,NA
Kenya,KEN,2012,NA
Kenya,KEN,2013,7.2
Kenya,KEN,2014,NA
Kenya,KEN,2015,NA
Kenya,KEN,2016,NA
Kenya,KEN,2017,NA
Kenya,KEN,2018,1
Kenya,KEN,2019,NA
Kenya,KEN,2020,NA
Kyrgyz Republic,KGZ,2006,NA
Kyrgyz Republic,KGZ,2007,NA
Kyrgyz Republic,KGZ,2008,NA
Kyrgyz Republic,KGZ,2009,4.9
Kyrgyz Republic,KGZ,2010,NA
Kyrgyz Republic,KGZ,2011,NA
Kyrgyz Republic,KGZ,2012,NA
Kyrgyz Republic,KGZ,2013,11.2
Kyrgyz Republic,KGZ,2014,NA
Kyrgyz Republic,KGZ,2015,NA
Kyrgyz Republic,KGZ,2016,NA
Kyrgyz Republic,KGZ,2017,NA
Kyrgyz Republic,KGZ,2018,NA
Kyrgyz Republic,KGZ,2019,11.3
Kyrgyz Republic,KGZ,2020,NA
Cambodia,KHM,2006,NA
Cambodia,KHM,2007,NA
Cambodia,KHM,2008,NA
Cambodia,KHM,2009,NA
Cambodia,KHM,2010,NA
Cambodia,KHM,2011,NA
Cambodia,KHM,2012,NA
Cambodia,KHM,2013,1.3
Cambodia,KHM,2014,NA
Cambodia,KHM,2015,NA
Cambodia,KHM,2016,1
Cambodia,KHM,2017,NA
Cambodia,KHM,2018,NA
Cambodia,KHM,2019,NA
Cambodia,KHM,2020,NA
St. Kitts and Nevis,KNA,2006,NA
St. Kitts and Nevis,KNA,2007,NA
St. Kitts and Nevis,KNA,2008,NA
St. Kitts and Nevis,KNA,2009,NA
St. Kitts and Nevis,KNA,2010,10.6
St. Kitts and Nevis,KNA,2011,NA
St. Kitts and Nevis,KNA,2012,NA
St. Kitts and Nevis,KNA,2013,NA
St. Kitts and Nevis,KNA,2014,NA
St. Kitts and Nevis,KNA,2015,NA
St. Kitts and Nevis,KNA,2016,NA
St. Kitts and Nevis,KNA,2017,NA
St. Kitts and Nevis,KNA,2018,NA
St. Kitts and Nevis,KNA,2019,NA
St. Kitts and Nevis,KNA,2020,NA
Lao PDR,LAO,2006,NA
Lao PDR,LAO,2007,NA
Lao PDR,LAO,2008,NA
Lao PDR,LAO,2009,1.2
Lao PDR,LAO,2010,NA
Lao PDR,LAO,2011,NA
Lao PDR,LAO,2012,1
Lao PDR,LAO,2013,NA
Lao PDR,LAO,2014,NA
Lao PDR,LAO,2015,NA
Lao PDR,LAO,2016,1
Lao PDR,LAO,2017,NA
Lao PDR,LAO,2018,0
Lao PDR,LAO,2019,NA
Lao PDR,LAO,2020,NA
Lebanon,LBN,2006,NA
Lebanon,LBN,2007,NA
Lebanon,LBN,2008,NA
Lebanon,LBN,2009,NA
Lebanon,LBN,2010,NA
Lebanon,LBN,2011,NA
Lebanon,LBN,2012,NA
Lebanon,LBN,2013,4.1
Lebanon,LBN,2014,NA
Lebanon,LBN,2015,NA
Lebanon,LBN,2016,NA
Lebanon,LBN,2017,NA
Lebanon,LBN,2018,NA
Lebanon,LBN,2019,2.4
Lebanon,LBN,2020,NA
Liberia,LBR,2006,NA
Liberia,LBR,2007,NA
Liberia,LBR,2008,NA
Liberia,LBR,2009,7.5
Liberia,LBR,2010,NA
Liberia,LBR,2011,NA
Liberia,LBR,2012,NA
Liberia,LBR,2013,NA
Liberia,LBR,2014,NA
Liberia,LBR,2015,NA
Liberia,LBR,2016,NA
Liberia,LBR,2017,5.4
Liberia,LBR,2018,NA
Liberia,LBR,2019,NA
Liberia,LBR,2020,NA
St. Lucia,LCA,2006,NA
St. Lucia,LCA,2007,NA
St. Lucia,LCA,2008,NA
St. Lucia,LCA,2009,NA
St. Lucia,LCA,2010,2.2
St. Lucia,LCA,2011,NA
St. Lucia,LCA,2012,NA
St. Lucia,LCA,2013,NA
St. Lucia,LCA,2014,NA
St. Lucia,LCA,2015,NA
St. Lucia,LCA,2016,NA
St. Lucia,LCA,2017,NA
St. Lucia,LCA,2018,NA
St. Lucia,LCA,2019,NA
St. Lucia,LCA,2020,NA
Sri Lanka,LKA,2006,NA
Sri Lanka,LKA,2007,NA
Sri Lanka,LKA,2008,NA
Sri Lanka,LKA,2009,NA
Sri Lanka,LKA,2010,NA
Sri Lanka,LKA,2011,1
Sri Lanka,LKA,2012,NA
Sri Lanka,LKA,2013,NA
Sri Lanka,LKA,2014,NA
Sri Lanka,LKA,2015,NA
Sri Lanka,LKA,2016,NA
Sri Lanka,LKA,2017,NA
Sri Lanka,LKA,2018,NA
Sri Lanka,LKA,2019,NA
Sri Lanka,LKA,2020,NA
Lesotho,LSO,2006,NA
Lesotho,LSO,2007,NA
Lesotho,LSO,2008,NA
Lesotho,LSO,2009,5.6
Lesotho,LSO,2010,NA
Lesotho,LSO,2011,NA
Lesotho,LSO,2012,NA
Lesotho,LSO,2013,NA
Lesotho,LSO,2014,NA
Lesotho,LSO,2015,NA
Lesotho,LSO,2016,1
Lesotho,LSO,2017,NA
Lesotho,LSO,2018,NA
Lesotho,LSO,2019,NA
Lesotho,LSO,2020,NA
Lithuania,LTU,2006,NA
Lithuania,LTU,2007,NA
Lithuania,LTU,2008,NA
Lithuania,LTU,2009,9.3
Lithuania,LTU,2010,NA
Lithuania,LTU,2011,NA
Lithuania,LTU,2012,NA
Lithuania,LTU,2013,5.8
Lithuania,LTU,2014,NA
Lithuania,LTU,2015,NA
Lithuania,LTU,2016,NA
Lithuania,LTU,2017,NA
Lithuania,LTU,2018,NA
Lithuania,LTU,2019,6.2
Lithuania,LTU,2020,NA
Luxembourg,LUX,2006,NA
Luxembourg,LUX,2007,NA
Luxembourg,LUX,2008,NA
Luxembourg,LUX,2009,NA
Luxembourg,LUX,2010,NA
Luxembourg,LUX,2011,NA
Luxembourg,LUX,2012,NA
Luxembourg,LUX,2013,NA
Luxembourg,LUX,2014,NA
Luxembourg,LUX,2015,NA
Luxembourg,LUX,2016,NA
Luxembourg,LUX,2017,NA
Luxembourg,LUX,2018,NA
Luxembourg,LUX,2019,NA
Luxembourg,LUX,2020,9.6
Latvia,LVA,2006,NA
Latvia,LVA,2007,NA
Latvia,LVA,2008,NA
Latvia,LVA,2009,9.7
Latvia,LVA,2010,NA
Latvia,LVA,2011,NA
Latvia,LVA,2012,NA
Latvia,LVA,2013,6.6
Latvia,LVA,2014,NA
Latvia,LVA,2015,NA
Latvia,LVA,2016,NA
Latvia,LVA,2017,NA
Latvia,LVA,2018,NA
Latvia,LVA,2019,26.8
Latvia,LVA,2020,NA
Morocco,MAR,2006,NA
Morocco,MAR,2007,NA
Morocco,MAR,2008,NA
Morocco,MAR,2009,NA
Morocco,MAR,2010,NA
Morocco,MAR,2011,NA
Morocco,MAR,2012,NA
Morocco,MAR,2013,4.6
Morocco,MAR,2014,NA
Morocco,MAR,2015,NA
Morocco,MAR,2016,NA
Morocco,MAR,2017,NA
Morocco,MAR,2018,NA
Morocco,MAR,2019,15.2
Morocco,MAR,2020,NA
Moldova,MDA,2006,NA
Moldova,MDA,2007,NA
Moldova,MDA,2008,NA
Moldova,MDA,2009,7
Moldova,MDA,2010,NA
Moldova,MDA,2011,NA
Moldova,MDA,2012,NA
Moldova,MDA,2013,8.3
Moldova,MDA,2014,NA
Moldova,MDA,2015,NA
Moldova,MDA,2016,NA
Moldova,MDA,2017,NA
Moldova,MDA,2018,NA
Moldova,MDA,2019,9.8
Moldova,MDA,2020,NA
Madagascar,MDG,2006,NA
Madagascar,MDG,2007,NA
Madagascar,MDG,2008,NA
Madagascar,MDG,2009,17.1
Madagascar,MDG,2010,NA
Madagascar,MDG,2011,NA
Madagascar,MDG,2012,NA
Madagascar,MDG,2013,20.8
Madagascar,MDG,2014,NA
Madagascar,MDG,2015,NA
Madagascar,MDG,2016,NA
Madagascar,MDG,2017,NA
Madagascar,MDG,2018,NA
Madagascar,MDG,2019,NA
Madagascar,MDG,2020,NA
Mexico,MEX,2006,20.5
Mexico,MEX,2007,NA
Mexico,MEX,2008,NA
Mexico,MEX,2009,NA
Mexico,MEX,2010,13.6
Mexico,MEX,2011,NA
Mexico,MEX,2012,NA
Mexico,MEX,2013,NA
Mexico,MEX,2014,NA
Mexico,MEX,2015,NA
Mexico,MEX,2016,NA
Mexico,MEX,2017,NA
Mexico,MEX,2018,NA
Mexico,MEX,2019,NA
Mexico,MEX,2020,NA
North Macedonia,MKD,2006,NA
North Macedonia,MKD,2007,NA
North Macedonia,MKD,2008,NA
North Macedonia,MKD,2009,14.5
North Macedonia,MKD,2010,NA
North Macedonia,MKD,2011,NA
North Macedonia,MKD,2012,NA
North Macedonia,MKD,2013,9.2
North Macedonia,MKD,2014,NA
North Macedonia,MKD,2015,NA
North Macedonia,MKD,2016,NA
North Macedonia,MKD,2017,NA
North Macedonia,MKD,2018,NA
North Macedonia,MKD,2019,2.5
North Macedonia,MKD,2020,NA
Mali,MLI,2006,NA
Mali,MLI,2007,2.4
Mali,MLI,2008,NA
Mali,MLI,2009,NA
Mali,MLI,2010,2
Mali,MLI,2011,NA
Mali,MLI,2012,NA
Mali,MLI,2013,NA
Mali,MLI,2014,NA
Mali,MLI,2015,NA
Mali,MLI,2016,1
Mali,MLI,2017,NA
Mali,MLI,2018,NA
Mali,MLI,2019,NA
Mali,MLI,2020,NA
Malta,MLT,2006,NA
Malta,MLT,2007,NA
Malta,MLT,2008,NA
Malta,MLT,2009,NA
Malta,MLT,2010,NA
Malta,MLT,2011,NA
Malta,MLT,2012,NA
Malta,MLT,2013,NA
Malta,MLT,2014,NA
Malta,MLT,2015,NA
Malta,MLT,2016,NA
Malta,MLT,2017,NA
Malta,MLT,2018,NA
Malta,MLT,2019,8.3
Malta,MLT,2020,NA
Myanmar,MMR,2006,NA
Myanmar,MMR,2007,NA
Myanmar,MMR,2008,NA
Myanmar,MMR,2009,NA
Myanmar,MMR,2010,NA
Myanmar,MMR,2011,NA
Myanmar,MMR,2012,NA
Myanmar,MMR,2013,NA
Myanmar,MMR,2014,2
Myanmar,MMR,2015,NA
Myanmar,MMR,2016,0
Myanmar,MMR,2017,NA
Myanmar,MMR,2018,NA
Myanmar,MMR,2019,NA
Myanmar,MMR,2020,NA
Montenegro,MNE,2006,NA
Montenegro,MNE,2007,NA
Montenegro,MNE,2008,NA
Montenegro,MNE,2009,6.8
Montenegro,MNE,2010,NA
Montenegro,MNE,2011,NA
Montenegro,MNE,2012,NA
Montenegro,MNE,2013,9.5
Montenegro,MNE,2014,NA
Montenegro,MNE,2015,NA
Montenegro,MNE,2016,NA
Montenegro,MNE,2017,NA
Montenegro,MNE,2018,NA
Montenegro,MNE,2019,1.5
Montenegro,MNE,2020,NA
Mongolia,MNG,2006,NA
Mongolia,MNG,2007,NA
Mongolia,MNG,2008,NA
Mongolia,MNG,2009,12.1
Mongolia,MNG,2010,NA
Mongolia,MNG,2011,NA
Mongolia,MNG,2012,NA
Mongolia,MNG,2013,17.1
Mongolia,MNG,2014,NA
Mongolia,MNG,2015,NA
Mongolia,MNG,2016,NA
Mongolia,MNG,2017,NA
Mongolia,MNG,2018,NA
Mongolia,MNG,2019,18.5
Mongolia,MNG,2020,NA
Mozambique,MOZ,2006,NA
Mozambique,MOZ,2007,3.3
Mozambique,MOZ,2008,NA
Mozambique,MOZ,2009,NA
Mozambique,MOZ,2010,NA
Mozambique,MOZ,2011,NA
Mozambique,MOZ,2012,NA
Mozambique,MOZ,2013,NA
Mozambique,MOZ,2014,NA
Mozambique,MOZ,2015,NA
Mozambique,MOZ,2016,NA
Mozambique,MOZ,2017,NA
Mozambique,MOZ,2018,1
Mozambique,MOZ,2019,NA
Mozambique,MOZ,2020,NA
Mauritania,MRT,2006,5.8
Mauritania,MRT,2007,NA
Mauritania,MRT,2008,NA
Mauritania,MRT,2009,NA
Mauritania,MRT,2010,NA
Mauritania,MRT,2011,NA
Mauritania,MRT,2012,NA
Mauritania,MRT,2013,NA
Mauritania,MRT,2014,17.2
Mauritania,MRT,2015,NA
Mauritania,MRT,2016,NA
Mauritania,MRT,2017,NA
Mauritania,MRT,2018,NA
Mauritania,MRT,2019,NA
Mauritania,MRT,2020,NA
Mauritius,MUS,2006,NA
Mauritius,MUS,2007,NA
Mauritius,MUS,2008,NA
Mauritius,MUS,2009,9.4
Mauritius,MUS,2010,NA
Mauritius,MUS,2011,NA
Mauritius,MUS,2012,NA
Mauritius,MUS,2013,NA
Mauritius,MUS,2014,NA
Mauritius,MUS,2015,NA
Mauritius,MUS,2016,NA
Mauritius,MUS,2017,NA
Mauritius,MUS,2018,NA
Mauritius,MUS,2019,NA
Mauritius,MUS,2020,NA
Malawi,MWI,2006,NA
Malawi,MWI,2007,NA
Malawi,MWI,2008,NA
Malawi,MWI,2009,3.5
Malawi,MWI,2010,NA
Malawi,MWI,2011,NA
Malawi,MWI,2012,NA
Malawi,MWI,2013,NA
Malawi,MWI,2014,5
Malawi,MWI,2015,NA
Malawi,MWI,2016,NA
Malawi,MWI,2017,NA
Malawi,MWI,2018,NA
Malawi,MWI,2019,NA
Malawi,MWI,2020,NA
Malaysia,MYS,2006,NA
Malaysia,MYS,2007,NA
Malaysia,MYS,2008,NA
Malaysia,MYS,2009,NA
Malaysia,MYS,2010,NA
Malaysia,MYS,2011,NA
Malaysia,MYS,2012,NA
Malaysia,MYS,2013,NA
Malaysia,MYS,2014,NA
Malaysia,MYS,2015,1
Malaysia,MYS,2016,NA
Malaysia,MYS,2017,NA
Malaysia,MYS,2018,NA
Malaysia,MYS,2019,NA
Malaysia,MYS,2020,NA
Namibia,NAM,2006,2.9
Namibia,NAM,2007,NA
Namibia,NAM,2008,NA
Namibia,NAM,2009,NA
Namibia,NAM,2010,NA
Namibia,NAM,2011,NA
Namibia,NAM,2012,NA
Namibia,NAM,2013,NA
Namibia,NAM,2014,3.1
Namibia,NAM,2015,NA
Namibia,NAM,2016,NA
Namibia,NAM,2017,NA
Namibia,NAM,2018,NA
Namibia,NAM,2019,NA
Namibia,NAM,2020,NA
Niger,NER,2006,NA
Niger,NER,2007,NA
Niger,NER,2008,NA
Niger,NER,2009,22.9
Niger,NER,2010,NA
Niger,NER,2011,NA
Niger,NER,2012,NA
Niger,NER,2013,NA
Niger,NER,2014,NA
Niger,NER,2015,NA
Niger,NER,2016,NA
Niger,NER,2017,11.4
Niger,NER,2018,NA
Niger,NER,2019,NA
Niger,NER,2020,NA
Nigeria,NGA,2006,NA
Nigeria,NGA,2007,6.1
Nigeria,NGA,2008,NA
Nigeria,NGA,2009,NA
Nigeria,NGA,2010,NA
Nigeria,NGA,2011,NA
Nigeria,NGA,2012,NA
Nigeria,NGA,2013,NA
Nigeria,NGA,2014,7.5
Nigeria,NGA,2015,NA
Nigeria,NGA,2016,NA
Nigeria,NGA,2017,NA
Nigeria,NGA,2018,NA
Nigeria,NGA,2019,NA
Nigeria,NGA,2020,NA
Nicaragua,NIC,2006,9.3
Nicaragua,NIC,2007,NA
Nicaragua,NIC,2008,NA
Nicaragua,NIC,2009,NA
Nicaragua,NIC,2010,20.2
Nicaragua,NIC,2011,NA
Nicaragua,NIC,2012,NA
Nicaragua,NIC,2013,NA
Nicaragua,NIC,2014,NA
Nicaragua,NIC,2015,NA
Nicaragua,NIC,2016,1
Nicaragua,NIC,2017,NA
Nicaragua,NIC,2018,NA
Nicaragua,NIC,2019,NA
Nicaragua,NIC,2020,NA
Nepal,NPL,2006,NA
Nepal,NPL,2007,NA
Nepal,NPL,2008,NA
Nepal,NPL,2009,6.5
Nepal,NPL,2010,NA
Nepal,NPL,2011,NA
Nepal,NPL,2012,NA
Nepal,NPL,2013,1.4
Nepal,NPL,2014,NA
Nepal,NPL,2015,NA
Nepal,NPL,2016,NA
Nepal,NPL,2017,NA
Nepal,NPL,2018,NA
Nepal,NPL,2019,NA
Nepal,NPL,2020,NA
Pakistan,PAK,2006,NA
Pakistan,PAK,2007,1.9
Pakistan,PAK,2008,NA
Pakistan,PAK,2009,NA
Pakistan,PAK,2010,NA
Pakistan,PAK,2011,NA
Pakistan,PAK,2012,NA
Pakistan,PAK,2013,3.5
Pakistan,PAK,2014,NA
Pakistan,PAK,2015,NA
Pakistan,PAK,2016,NA
Pakistan,PAK,2017,NA
Pakistan,PAK,2018,NA
Pakistan,PAK,2019,NA
Pakistan,PAK,2020,NA
Panama,PAN,2006,10.3
Panama,PAN,2007,NA
Panama,PAN,2008,NA
Panama,PAN,2009,NA
Panama,PAN,2010,33.3
Panama,PAN,2011,NA
Panama,PAN,2012,NA
Panama,PAN,2013,NA
Panama,PAN,2014,NA
Panama,PAN,2015,NA
Panama,PAN,2016,NA
Panama,PAN,2017,NA
Panama,PAN,2018,NA
Panama,PAN,2019,NA
Panama,PAN,2020,NA
Peru,PER,2006,13.5
Peru,PER,2007,NA
Peru,PER,2008,NA
Peru,PER,2009,NA
Peru,PER,2010,14.1
Peru,PER,2011,NA
Peru,PER,2012,NA
Peru,PER,2013,NA
Peru,PER,2014,NA
Peru,PER,2015,NA
Peru,PER,2016,NA
Peru,PER,2017,11.8
Peru,PER,2018,NA
Peru,PER,2019,NA
Peru,PER,2020,NA
Philippines,PHL,2006,NA
Philippines,PHL,2007,NA
Philippines,PHL,2008,NA
Philippines,PHL,2009,9.1
Philippines,PHL,2010,NA
Philippines,PHL,2011,NA
Philippines,PHL,2012,NA
Philippines,PHL,2013,NA
Philippines,PHL,2014,NA
Philippines,PHL,2015,1
Philippines,PHL,2016,NA
Philippines,PHL,2017,NA
Philippines,PHL,2018,NA
Philippines,PHL,2019,NA
Philippines,PHL,2020,NA
Papua New Guinea,PNG,2006,NA
Papua New Guinea,PNG,2007,NA
Papua New Guinea,PNG,2008,NA
Papua New Guinea,PNG,2009,NA
Papua New Guinea,PNG,2010,NA
Papua New Guinea,PNG,2011,NA
Papua New Guinea,PNG,2012,NA
Papua New Guinea,PNG,2013,NA
Papua New Guinea,PNG,2014,NA
Papua New Guinea,PNG,2015,1
Papua New Guinea,PNG,2016,NA
Papua New Guinea,PNG,2017,NA
Papua New Guinea,PNG,2018,NA
Papua New Guinea,PNG,2019,NA
Papua New Guinea,PNG,2020,NA
Poland,POL,2006,NA
Poland,POL,2007,NA
Poland,POL,2008,NA
Poland,POL,2009,12.8
Poland,POL,2010,NA
Poland,POL,2011,NA
Poland,POL,2012,NA
Poland,POL,2013,19.5
Poland,POL,2014,NA
Poland,POL,2015,NA
Poland,POL,2016,NA
Poland,POL,2017,NA
Poland,POL,2018,NA
Poland,POL,2019,7.7
Poland,POL,2020,NA
Portugal,PRT,2006,NA
Portugal,PRT,2007,NA
Portugal,PRT,2008,NA
Portugal,PRT,2009,NA
Portugal,PRT,2010,NA
Portugal,PRT,2011,NA
Portugal,PRT,2012,NA
Portugal,PRT,2013,NA
Portugal,PRT,2014,NA
Portugal,PRT,2015,NA
Portugal,PRT,2016,NA
Portugal,PRT,2017,NA
Portugal,PRT,2018,NA
Portugal,PRT,2019,9.9
Portugal,PRT,2020,NA
Paraguay,PRY,2006,7.9
Paraguay,PRY,2007,NA
Paraguay,PRY,2008,NA
Paraguay,PRY,2009,NA
Paraguay,PRY,2010,20.6
Paraguay,PRY,2011,NA
Paraguay,PRY,2012,NA
Paraguay,PRY,2013,NA
Paraguay,PRY,2014,NA
Paraguay,PRY,2015,NA
Paraguay,PRY,2016,NA
Paraguay,PRY,2017,8.9
Paraguay,PRY,2018,NA
Paraguay,PRY,2019,NA
Paraguay,PRY,2020,NA
West Bank and Gaza,PSE,2006,NA
West Bank and Gaza,PSE,2007,NA
West Bank and Gaza,PSE,2008,NA
West Bank and Gaza,PSE,2009,NA
West Bank and Gaza,PSE,2010,NA
West Bank and Gaza,PSE,2011,NA
West Bank and Gaza,PSE,2012,NA
West Bank and Gaza,PSE,2013,4.9
West Bank and Gaza,PSE,2014,NA
West Bank and Gaza,PSE,2015,NA
West Bank and Gaza,PSE,2016,NA
West Bank and Gaza,PSE,2017,NA
West Bank and Gaza,PSE,2018,NA
West Bank and Gaza,PSE,2019,1
West Bank and Gaza,PSE,2020,NA
Romania,ROU,2006,NA
Romania,ROU,2007,NA
Romania,ROU,2008,NA
Romania,ROU,2009,9.2
Romania,ROU,2010,NA
Romania,ROU,2011,NA
Romania,ROU,2012,NA
Romania,ROU,2013,15.2
Romania,ROU,2014,NA
Romania,ROU,2015,NA
Romania,ROU,2016,NA
Romania,ROU,2017,NA
Romania,ROU,2018,NA
Romania,ROU,2019,20.1
Romania,ROU,2020,NA
Russian Federation,RUS,2006,NA
Russian Federation,RUS,2007,NA
Russian Federation,RUS,2008,NA
Russian Federation,RUS,2009,19.9
Russian Federation,RUS,2010,NA
Russian Federation,RUS,2011,NA
Russian Federation,RUS,2012,1
Russian Federation,RUS,2013,NA
Russian Federation,RUS,2014,NA
Russian Federation,RUS,2015,NA
Russian Federation,RUS,2016,NA
Russian Federation,RUS,2017,NA
Russian Federation,RUS,2018,NA
Russian Federation,RUS,2019,5.6
Russian Federation,RUS,2020,NA
Rwanda,RWA,2006,5.9
Rwanda,RWA,2007,NA
Rwanda,RWA,2008,NA
Rwanda,RWA,2009,NA
Rwanda,RWA,2010,NA
Rwanda,RWA,2011,1
Rwanda,RWA,2012,NA
Rwanda,RWA,2013,NA
Rwanda,RWA,2014,NA
Rwanda,RWA,2015,NA
Rwanda,RWA,2016,NA
Rwanda,RWA,2017,NA
Rwanda,RWA,2018,NA
Rwanda,RWA,2019,3
Rwanda,RWA,2020,NA
Sudan,SDN,2006,NA
Sudan,SDN,2007,NA
Sudan,SDN,2008,NA
Sudan,SDN,2009,NA
Sudan,SDN,2010,NA
Sudan,SDN,2011,NA
Sudan,SDN,2012,NA
Sudan,SDN,2013,NA
Sudan,SDN,2014,4.1
Sudan,SDN,2015,NA
Sudan,SDN,2016,NA
Sudan,SDN,2017,NA
Sudan,SDN,2018,NA
Sudan,SDN,2019,NA
Sudan,SDN,2020,NA
Senegal,SEN,2006,NA
Senegal,SEN,2007,2.9
Senegal,SEN,2008,NA
Senegal,SEN,2009,NA
Senegal,SEN,2010,NA
Senegal,SEN,2011,NA
Senegal,SEN,2012,NA
Senegal,SEN,2013,NA
Senegal,SEN,2014,3
Senegal,SEN,2015,NA
Senegal,SEN,2016,NA
Senegal,SEN,2017,NA
Senegal,SEN,2018,NA
Senegal,SEN,2019,NA
Senegal,SEN,2020,NA
Solomon Islands,SLB,2006,NA
Solomon Islands,SLB,2007,NA
Solomon Islands,SLB,2008,NA
Solomon Islands,SLB,2009,NA
Solomon Islands,SLB,2010,NA
Solomon Islands,SLB,2011,NA
Solomon Islands,SLB,2012,NA
Solomon Islands,SLB,2013,NA
Solomon Islands,SLB,2014,NA
Solomon Islands,SLB,2015,1
Solomon Islands,SLB,2016,NA
Solomon Islands,SLB,2017,NA
Solomon Islands,SLB,2018,NA
Solomon Islands,SLB,2019,NA
Solomon Islands,SLB,2020,NA
Sierra Leone,SLE,2006,NA
Sierra Leone,SLE,2007,NA
Sierra Leone,SLE,2008,NA
Sierra Leone,SLE,2009,7.4
Sierra Leone,SLE,2010,NA
Sierra Leone,SLE,2011,NA
Sierra Leone,SLE,2012,NA
Sierra Leone,SLE,2013,NA
Sierra Leone,SLE,2014,NA
Sierra Leone,SLE,2015,NA
Sierra Leone,SLE,2016,NA
Sierra Leone,SLE,2017,13.1
Sierra Leone,SLE,2018,NA
Sierra Leone,SLE,2019,NA
Sierra Leone,SLE,2020,NA
El Salvador,SLV,2006,9.2
El Salvador,SLV,2007,NA
El Salvador,SLV,2008,NA
El Salvador,SLV,2009,NA
El Salvador,SLV,2010,19.6
El Salvador,SLV,2011,NA
El Salvador,SLV,2012,NA
El Salvador,SLV,2013,NA
El Salvador,SLV,2014,NA
El Salvador,SLV,2015,NA
El Salvador,SLV,2016,1
El Salvador,SLV,2017,NA
El Salvador,SLV,2018,NA
El Salvador,SLV,2019,NA
El Salvador,SLV,2020,NA
Serbia,SRB,2006,NA
Serbia,SRB,2007,NA
Serbia,SRB,2008,NA
Serbia,SRB,2009,12.2
Serbia,SRB,2010,NA
Serbia,SRB,2011,NA
Serbia,SRB,2012,NA
Serbia,SRB,2013,13.4
Serbia,SRB,2014,NA
Serbia,SRB,2015,NA
Serbia,SRB,2016,NA
Serbia,SRB,2017,NA
Serbia,SRB,2018,NA
Serbia,SRB,2019,10
Serbia,SRB,2020,NA
South Sudan,SSD,2006,NA
South Sudan,SSD,2007,NA
South Sudan,SSD,2008,NA
South Sudan,SSD,2009,NA
South Sudan,SSD,2010,NA
South Sudan,SSD,2011,NA
South Sudan,SSD,2012,NA
South Sudan,SSD,2013,NA
South Sudan,SSD,2014,18
South Sudan,SSD,2015,NA
South Sudan,SSD,2016,NA
South Sudan,SSD,2017,NA
South Sudan,SSD,2018,NA
South Sudan,SSD,2019,NA
South Sudan,SSD,2020,NA
Suriname,SUR,2006,NA
Suriname,SUR,2007,NA
Suriname,SUR,2008,NA
Suriname,SUR,2009,NA
Suriname,SUR,2010,6.4
Suriname,SUR,2011,NA
Suriname,SUR,2012,NA
Suriname,SUR,2013,NA
Suriname,SUR,2014,NA
Suriname,SUR,2015,NA
Suriname,SUR,2016,NA
Suriname,SUR,2017,NA
Suriname,SUR,2018,1
Suriname,SUR,2019,NA
Suriname,SUR,2020,NA
Slovak Republic,SVK,2006,NA
Slovak Republic,SVK,2007,NA
Slovak Republic,SVK,2008,NA
Slovak Republic,SVK,2009,6.7
Slovak Republic,SVK,2010,NA
Slovak Republic,SVK,2011,NA
Slovak Republic,SVK,2012,NA
Slovak Republic,SVK,2013,8.2
Slovak Republic,SVK,2014,NA
Slovak Republic,SVK,2015,NA
Slovak Republic,SVK,2016,NA
Slovak Republic,SVK,2017,NA
Slovak Republic,SVK,2018,NA
Slovak Republic,SVK,2019,16.5
Slovak Republic,SVK,2020,NA
Slovenia,SVN,2006,NA
Slovenia,SVN,2007,NA
Slovenia,SVN,2008,NA
Slovenia,SVN,2009,7.3
Slovenia,SVN,2010,NA
Slovenia,SVN,2011,NA
Slovenia,SVN,2012,NA
Slovenia,SVN,2013,10.3
Slovenia,SVN,2014,NA
Slovenia,SVN,2015,NA
Slovenia,SVN,2016,NA
Slovenia,SVN,2017,NA
Slovenia,SVN,2018,NA
Slovenia,SVN,2019,7.5
Slovenia,SVN,2020,NA
Sweden,SWE,2006,NA
Sweden,SWE,2007,NA
Sweden,SWE,2008,NA
Sweden,SWE,2009,NA
Sweden,SWE,2010,NA
Sweden,SWE,2011,NA
Sweden,SWE,2012,NA
Sweden,SWE,2013,NA
Sweden,SWE,2014,4.9
Sweden,SWE,2015,NA
Sweden,SWE,2016,NA
Sweden,SWE,2017,NA
Sweden,SWE,2018,NA
Sweden,SWE,2019,NA
Sweden,SWE,2020,NA
Eswatini,SWZ,2006,4.4
Eswatini,SWZ,2007,NA
Eswatini,SWZ,2008,NA
Eswatini,SWZ,2009,NA
Eswatini,SWZ,2010,NA
Eswatini,SWZ,2011,NA
Eswatini,SWZ,2012,NA
Eswatini,SWZ,2013,NA
Eswatini,SWZ,2014,NA
Eswatini,SWZ,2015,NA
Eswatini,SWZ,2016,1
Eswatini,SWZ,2017,NA
Eswatini,SWZ,2018,NA
Eswatini,SWZ,2019,NA
Eswatini,SWZ,2020,NA
Chad,TCD,2006,NA
Chad,TCD,2007,NA
Chad,TCD,2008,NA
Chad,TCD,2009,20.8
Chad,TCD,2010,NA
Chad,TCD,2011,NA
Chad,TCD,2012,NA
Chad,TCD,2013,NA
Chad,TCD,2014,NA
Chad,TCD,2015,NA
Chad,TCD,2016,NA
Chad,TCD,2017,NA
Chad,TCD,2018,1
Chad,TCD,2019,NA
Chad,TCD,2020,NA
Togo,TGO,2006,NA
Togo,TGO,2007,NA
Togo,TGO,2008,NA
Togo,TGO,2009,2.7
Togo,TGO,2010,NA
Togo,TGO,2011,NA
Togo,TGO,2012,NA
Togo,TGO,2013,NA
Togo,TGO,2014,NA
Togo,TGO,2015,NA
Togo,TGO,2016,1
Togo,TGO,2017,NA
Togo,TGO,2018,NA
Togo,TGO,2019,NA
Togo,TGO,2020,NA
Thailand,THA,2006,NA
Thailand,THA,2007,NA
Thailand,THA,2008,NA
Thailand,THA,2009,NA
Thailand,THA,2010,NA
Thailand,THA,2011,NA
Thailand,THA,2012,NA
Thailand,THA,2013,NA
Thailand,THA,2014,NA
Thailand,THA,2015,NA
Thailand,THA,2016,1
Thailand,THA,2017,NA
Thailand,THA,2018,NA
Thailand,THA,2019,NA
Thailand,THA,2020,NA
Tajikistan,TJK,2006,NA
Tajikistan,TJK,2007,NA
Tajikistan,TJK,2008,11.7
Tajikistan,TJK,2009,NA
Tajikistan,TJK,2010,NA
Tajikistan,TJK,2011,NA
Tajikistan,TJK,2012,NA
Tajikistan,TJK,2013,21.7
Tajikistan,TJK,2014,NA
Tajikistan,TJK,2015,NA
Tajikistan,TJK,2016,NA
Tajikistan,TJK,2017,NA
Tajikistan,TJK,2018,NA
Tajikistan,TJK,2019,10.7
Tajikistan,TJK,2020,NA
Timor-Leste,TLS,2006,NA
Timor-Leste,TLS,2007,NA
Timor-Leste,TLS,2008,NA
Timor-Leste,TLS,2009,3.7
Timor-Leste,TLS,2010,NA
Timor-Leste,TLS,2011,NA
Timor-Leste,TLS,2012,NA
Timor-Leste,TLS,2013,NA
Timor-Leste,TLS,2014,NA
Timor-Leste,TLS,2015,1
Timor-Leste,TLS,2016,NA
Timor-Leste,TLS,2017,NA
Timor-Leste,TLS,2018,NA
Timor-Leste,TLS,2019,NA
Timor-Leste,TLS,2020,NA
Tonga,TON,2006,NA
Tonga,TON,2007,NA
Tonga,TON,2008,NA
Tonga,TON,2009,6.6
Tonga,TON,2010,NA
Tonga,TON,2011,NA
Tonga,TON,2012,NA
Tonga,TON,2013,NA
Tonga,TON,2014,NA
Tonga,TON,2015,NA
Tonga,TON,2016,NA
Tonga,TON,2017,NA
Tonga,TON,2018,NA
Tonga,TON,2019,NA
Tonga,TON,2020,NA
Trinidad and Tobago,TTO,2006,NA
Trinidad and Tobago,TTO,2007,NA
Trinidad and Tobago,TTO,2008,NA
Trinidad and Tobago,TTO,2009,NA
Trinidad and Tobago,TTO,2010,7.9
Trinidad and Tobago,TTO,2011,NA
Trinidad and Tobago,TTO,2012,NA
Trinidad and Tobago,TTO,2013,NA
Trinidad and Tobago,TTO,2014,NA
Trinidad and Tobago,TTO,2015,NA
Trinidad and Tobago,TTO,2016,NA
Trinidad and Tobago,TTO,2017,NA
Trinidad and Tobago,TTO,2018,NA
Trinidad and Tobago,TTO,2019,NA
Trinidad and Tobago,TTO,2020,NA
Tunisia,TUN,2006,NA
Tunisia,TUN,2007,NA
Tunisia,TUN,2008,NA
Tunisia,TUN,2009,NA
Tunisia,TUN,2010,NA
Tunisia,TUN,2011,NA
Tunisia,TUN,2012,NA
Tunisia,TUN,2013,46.5
Tunisia,TUN,2014,NA
Tunisia,TUN,2015,NA
Tunisia,TUN,2016,NA
Tunisia,TUN,2017,NA
Tunisia,TUN,2018,NA
Tunisia,TUN,2019,NA
Tunisia,TUN,2020,0.1
Turkiye,TUR,2006,NA
Turkiye,TUR,2007,NA
Turkiye,TUR,2008,27.1
Turkiye,TUR,2009,NA
Turkiye,TUR,2010,NA
Turkiye,TUR,2011,NA
Turkiye,TUR,2012,NA
Turkiye,TUR,2013,19.2
Turkiye,TUR,2014,NA
Turkiye,TUR,2015,NA
Turkiye,TUR,2016,NA
Turkiye,TUR,2017,NA
Turkiye,TUR,2018,NA
Turkiye,TUR,2019,5.9
Turkiye,TUR,2020,NA
Tanzania,TZA,2006,4
Tanzania,TZA,2007,NA
Tanzania,TZA,2008,NA
Tanzania,TZA,2009,NA
Tanzania,TZA,2010,NA
Tanzania,TZA,2011,NA
Tanzania,TZA,2012,NA
Tanzania,TZA,2013,2
Tanzania,TZA,2014,NA
Tanzania,TZA,2015,NA
Tanzania,TZA,2016,NA
Tanzania,TZA,2017,NA
Tanzania,TZA,2018,NA
Tanzania,TZA,2019,NA
Tanzania,TZA,2020,NA
Uganda,UGA,2006,5.2
Uganda,UGA,2007,NA
Uganda,UGA,2008,NA
Uganda,UGA,2009,NA
Uganda,UGA,2010,NA
Uganda,UGA,2011,NA
Uganda,UGA,2012,NA
Uganda,UGA,2013,6.5
Uganda,UGA,2014,NA
Uganda,UGA,2015,NA
Uganda,UGA,2016,NA
Uganda,UGA,2017,NA
Uganda,UGA,2018,NA
Uganda,UGA,2019,NA
Uganda,UGA,2020,NA
Ukraine,UKR,2006,NA
Ukraine,UKR,2007,NA
Ukraine,UKR,2008,11.3
Ukraine,UKR,2009,NA
Ukraine,UKR,2010,NA
Ukraine,UKR,2011,NA
Ukraine,UKR,2012,NA
Ukraine,UKR,2013,19.1
Ukraine,UKR,2014,NA
Ukraine,UKR,2015,NA
Ukraine,UKR,2016,NA
Ukraine,UKR,2017,NA
Ukraine,UKR,2018,NA
Ukraine,UKR,2019,10.8
Ukraine,UKR,2020,NA
Uruguay,URY,2006,7
Uruguay,URY,2007,NA
Uruguay,URY,2008,NA
Uruguay,URY,2009,NA
Uruguay,URY,2010,11.6
Uruguay,URY,2011,NA
Uruguay,URY,2012,NA
Uruguay,URY,2013,NA
Uruguay,URY,2014,NA
Uruguay,URY,2015,NA
Uruguay,URY,2016,NA
Uruguay,URY,2017,19.2
Uruguay,URY,2018,NA
Uruguay,URY,2019,NA
Uruguay,URY,2020,NA
Uzbekistan,UZB,2006,NA
Uzbekistan,UZB,2007,NA
Uzbekistan,UZB,2008,11.1
Uzbekistan,UZB,2009,NA
Uzbekistan,UZB,2010,NA
Uzbekistan,UZB,2011,NA
Uzbekistan,UZB,2012,NA
Uzbekistan,UZB,2013,18.8
Uzbekistan,UZB,2014,NA
Uzbekistan,UZB,2015,NA
Uzbekistan,UZB,2016,NA
Uzbekistan,UZB,2017,NA
Uzbekistan,UZB,2018,NA
Uzbekistan,UZB,2019,4.9
Uzbekistan,UZB,2020,NA
St. Vincent and the Grenadines,VCT,2006,NA
St. Vincent and the Grenadines,VCT,2007,NA
St. Vincent and the Grenadines,VCT,2008,NA
St. Vincent and the Grenadines,VCT,2009,NA
St. Vincent and the Grenadines,VCT,2010,4.7
St. Vincent and the Grenadines,VCT,2011,NA
St. Vincent and the Grenadines,VCT,2012,NA
St. Vincent and the Grenadines,VCT,2013,NA
St. Vincent and the Grenadines,VCT,2014,NA
St. Vincent and the Grenadines,VCT,2015,NA
St. Vincent and the Grenadines,VCT,2016,NA
St. Vincent and the Grenadines,VCT,2017,NA
St. Vincent and the Grenadines,VCT,2018,NA
St. Vincent and the Grenadines,VCT,2019,NA
St. Vincent and the Grenadines,VCT,2020,NA
"Venezuela, RB",VEN,2006,33.6
"Venezuela, RB",VEN,2007,NA
"Venezuela, RB",VEN,2008,NA
"Venezuela, RB",VEN,2009,NA
"Venezuela, RB",VEN,2010,27.6
"Venezuela, RB",VEN,2011,NA
"Venezuela, RB",VEN,2012,NA
"Venezuela, RB",VEN,2013,NA
"Venezuela, RB",VEN,2014,NA
"Venezuela, RB",VEN,2015,NA
"Venezuela, RB",VEN,2016,NA
"Venezuela, RB",VEN,2017,NA
"Venezuela, RB",VEN,2018,NA
"Venezuela, RB",VEN,2019,NA
"Venezuela, RB",VEN,2020,NA
Vietnam,VNM,2006,NA
Vietnam,VNM,2007,NA
Vietnam,VNM,2008,NA
Vietnam,VNM,2009,4.6
Vietnam,VNM,2010,NA
Vietnam,VNM,2011,NA
Vietnam,VNM,2012,NA
Vietnam,VNM,2013,NA
Vietnam,VNM,2014,NA
Vietnam,VNM,2015,1
Vietnam,VNM,2016,NA
Vietnam,VNM,2017,NA
Vietnam,VNM,2018,NA
Vietnam,VNM,2019,NA
Vietnam,VNM,2020,NA
Vanuatu,VUT,2006,NA
Vanuatu,VUT,2007,NA
Vanuatu,VUT,2008,NA
Vanuatu,VUT,2009,7.5
Vanuatu,VUT,2010,NA
Vanuatu,VUT,2011,NA
Vanuatu,VUT,2012,NA
Vanuatu,VUT,2013,NA
Vanuatu,VUT,2014,NA
Vanuatu,VUT,2015,NA
Vanuatu,VUT,2016,NA
Vanuatu,VUT,2017,NA
Vanuatu,VUT,2018,NA
Vanuatu,VUT,2019,NA
Vanuatu,VUT,2020,NA
Samoa,WSM,2006,NA
Samoa,WSM,2007,NA
Samoa,WSM,2008,NA
Samoa,WSM,2009,13.9
Samoa,WSM,2010,NA
Samoa,WSM,2011,NA
Samoa,WSM,2012,NA
Samoa,WSM,2013,NA
Samoa,WSM,2014,NA
Samoa,WSM,2015,NA
Samoa,WSM,2016,NA
Samoa,WSM,2017,NA
Samoa,WSM,2018,NA
Samoa,WSM,2019,NA
Samoa,WSM,2020,NA
Kosovo,XKX,2006,NA
Kosovo,XKX,2007,NA
Kosovo,XKX,2008,NA
Kosovo,XKX,2009,9.8
Kosovo,XKX,2010,NA
Kosovo,XKX,2011,NA
Kosovo,XKX,2012,NA
Kosovo,XKX,2013,14.7
Kosovo,XKX,2014,NA
Kosovo,XKX,2015,NA
Kosovo,XKX,2016,NA
Kosovo,XKX,2017,NA
Kosovo,XKX,2018,NA
Kosovo,XKX,2019,10.4
Kosovo,XKX,2020,NA
"Yemen, Rep.",YEM,2006,NA
"Yemen, Rep.",YEM,2007,NA
"Yemen, Rep.",YEM,2008,NA
"Yemen, Rep.",YEM,2009,NA
"Yemen, Rep.",YEM,2010,11.8
"Yemen, Rep.",YEM,2011,NA
"Yemen, Rep.",YEM,2012,NA
"Yemen, Rep.",YEM,2013,1.9
"Yemen, Rep.",YEM,2014,NA
"Yemen, Rep.",YEM,2015,NA
"Yemen, Rep.",YEM,2016,NA
"Yemen, Rep.",YEM,2017,NA
"Yemen, Rep.",YEM,2018,NA
"Yemen, Rep.",YEM,2019,NA
"Yemen, Rep.",YEM,2020,NA
South Africa,ZAF,2006,NA
South Africa,ZAF,2007,5.9
South Africa,ZAF,2008,NA
South Africa,ZAF,2009,NA
South Africa,ZAF,2010,NA
South Africa,ZAF,2011,NA
South Africa,ZAF,2012,NA
South Africa,ZAF,2013,NA
South Africa,ZAF,2014,NA
South Africa,ZAF,2015,NA
South Africa,ZAF,2016,NA
South Africa,ZAF,2017,NA
South Africa,ZAF,2018,NA
South Africa,ZAF,2019,NA
South Africa,ZAF,2020,NA
Zambia,ZMB,2006,NA
Zambia,ZMB,2007,4.6
Zambia,ZMB,2008,NA
Zambia,ZMB,2009,NA
Zambia,ZMB,2010,NA
Zambia,ZMB,2011,NA
Zambia,ZMB,2012,NA
Zambia,ZMB,2013,9.1
Zambia,ZMB,2014,NA
Zambia,ZMB,2015,NA
Zambia,ZMB,2016,NA
Zambia,ZMB,2017,NA
Zambia,ZMB,2018,NA
Zambia,ZMB,2019,8.1
Zambia,ZMB,2020,NA
Zimbabwe,ZWE,2006,NA
Zimbabwe,ZWE,2007,NA
Zimbabwe,ZWE,2008,NA
Zimbabwe,ZWE,2009,NA
Zimbabwe,ZWE,2010,NA
Zimbabwe,ZWE,2011,1
Zimbabwe,ZWE,2012,NA
Zimbabwe,ZWE,2013,NA
Zimbabwe,ZWE,2014,NA
Zimbabwe,ZWE,2015,NA
Zimbabwe,ZWE,2016,1
Zimbabwe,ZWE,2017,NA
Zimbabwe,ZWE,2018,NA
Zimbabwe,ZWE,2019,NA
Zimbabwe,ZWE,2020,NA
